diagnostic_type,rank,mdp_action_id,mdp_action_name,macro_group,count,share,cumulative_share
action,1,A01,straight_punch,试探攻击,2092,0.5282828282828282,0.5282828282828282
action,2,A09,knee_strike,激进攻击,1005,0.2537878787878788,0.782070707070707
action,3,D08,back_step,反击防守,863,0.21792929292929292,1.0
macro,1,,,试探攻击,2092,0.5282828282828282,0.5282828282828282
macro,2,,,激进攻击,1005,0.2537878787878788,0.782070707070707
macro,3,,,反击防守,863,0.21792929292929292,1.0
