scope,scope_label,state_count,a04_top1_count,a04_top1_share,mean_q_gap_when_a04_top1,median_q_gap_when_a04_top1,close_gap_share,large_gap_share,most_common_top2_when_a04_top1,diagnosis
overall,整体,3960,1888,0.4767676767676768,0.04118348300459478,0.024663374188151455,0.7574152542372882,0.013771186440677966,A02,多数状态只是略优
lead_late,领先后期,360,48,0.13333333333333333,0.007896852598538765,0.00801797274018412,1.0,0.0,A02,多数状态只是略优
tie_mid_late,平局中后期,198,176,0.8888888888888888,0.11432255502696517,0.09702642026620595,0.11931818181818182,0.07954545454545454,A06,混合型优势
trail_late,落后后期,360,352,0.9777777777777777,0.02761995343558741,0.02811892647381775,0.9545454545454546,0.0,A02,多数状态只是略优
counter_ready,反击准备态,1980,1099,0.555050505050505,0.03986325607045713,0.023607673441499166,0.7688808007279345,0.012738853503184714,A02,多数状态只是略优
