trigger_prob,bonus_min,bonus_max,top1_action_id,top1_action_share,top2_action_id,top2_action_share,top3_action_id,top3_action_share,mdp_greedy_diff_share,trailing_A01_share,trailing_A09_share,trailing_D08_share,counter_ready_A01_share,counter_ready_A09_share,counter_ready_D08_share
0.15,0.08,0.16,A01,0.5282828282828282,A09,0.2537878787878788,D08,0.21792929292929292,0.3446969696969697,0.37,0.0,0.63,0.2,0.7363636363636363,0.06363636363636363
0.12,0.06,0.12,A01,0.7308080808080808,D08,0.14292929292929293,A09,0.12626262626262627,0.3517676767676768,0.39,0.0,0.61,0.45454545454545453,0.43636363636363634,0.10909090909090909
0.12,0.1,0.2,A09,0.42474747474747476,A01,0.3436868686868687,D08,0.23156565656565656,0.3015151515151515,0.31,0.0,0.69,0.07272727272727272,0.9136363636363637,0.013636363636363636
0.18,0.06,0.12,A01,0.7308080808080808,D08,0.14292929292929293,A09,0.12626262626262627,0.3517676767676768,0.39,0.0,0.61,0.45454545454545453,0.43636363636363634,0.10909090909090909
0.18,0.1,0.2,A09,0.42474747474747476,A01,0.3436868686868687,D08,0.23156565656565656,0.3015151515151515,0.31,0.0,0.69,0.07272727272727272,0.9136363636363637,0.013636363636363636
