trigger_prob,bonus_min,bonus_max,top1_action_id,top1_action_share,top2_action_id,top2_action_share,top3_action_id,top3_action_share,mdp_greedy_diff_share,trailing_A01_share,trailing_A09_share,trailing_D08_share,counter_ready_A01_share,counter_ready_A09_share,counter_ready_D08_share
0.15,0.08,0.16,A04,0.4767676767676768,A02,0.271969696969697,D01,0.11186868686868687,0.2775252525252525,0.0,0.0,0.0,0.0,0.0,0.0
0.12,0.06,0.12,A04,0.4767676767676768,A02,0.271969696969697,D01,0.11186868686868687,0.2775252525252525,0.0,0.0,0.0,0.0,0.0,0.0
0.12,0.1,0.2,A04,0.4767676767676768,A02,0.271969696969697,D01,0.11186868686868687,0.2775252525252525,0.0,0.0,0.0,0.0,0.0,0.0
0.18,0.06,0.12,A04,0.4767676767676768,A02,0.271969696969697,D01,0.11186868686868687,0.2775252525252525,0.0,0.0,0.0,0.0,0.0,0.0
0.18,0.1,0.2,A04,0.4767676767676768,A02,0.271969696969697,D01,0.11186868686868687,0.2775252525252525,0.0,0.0,0.0,0.0,0.0,0.0
