method,series_count,series_win_rate,mean_rounds_played,mean_remaining_reset,mean_remaining_pause,mean_remaining_repair,method_label,ci_low,ci_high
optimal_dp,5000,0.6578,2.0508,1.6496,0.8362,0.6256,最优DP,0.6446490233590353,0.6709509766409648
exhaustive_static,5000,0.6196,2.0174,1.6998,0.9806,0.7354,穷举静态,0.6061430379435476,0.6330569620564525
all_in_first,5000,0.616,2.0144,1.7696,0.9816,0.7394,首局全投,0.6025188470047996,0.6294811529952004
fixed_rule,5000,0.4544,2.0992,1.7928,1.462,0.7344,固定规则,0.4405984643562827,0.46820153564371736
