scenario_key,scenario,reset_use_rate,pause_use_rate,repair_use_rate,avg_first_use_min,single_round_win_prob,bo3_contribution,allocation_label
leading,领先局,0.0004470272686633885,0.03933839964237819,0.278497988377291,2.906367041198502,0.9418187724111698,0.9920828311547449,R2-P2-M1
tied,平局局,0.0013831258644536654,0.8333333333333334,0.21369294605809128,2.0862467018469655,0.8927247258290866,0.9545278986232929,R2-P2-M1
trailing,落后局,0.0,0.5703422053231939,0.034220532319391636,2.388888888888889,0.8162880740108782,0.7171918031330996,R2-P1-M1
