scenario_key,scenario,reset_use_rate,pause_use_rate,repair_use_rate,avg_first_use_min,single_round_win_prob,bo3_contribution,allocation_label
leading,领先局,0.0,0.0,0.0,0.0,1.0,0.9999999999999999,R0-P0-M0
tied,平局局,0.20194137799771603,0.6733917015607156,0.2552341073467834,1.6778338945005613,0.6169600000000001,0.6459450887827027,R2-P2-M1
trailing,落后局,0.26412049488972567,0.2807961269499731,0.2856374394835933,2.018134715025907,0.17723481006022734,0.10684001463139975,R2-P2-M1
