parameter_key,parameter_label,base_value,win_prob_low,win_prob_high,delta_low,delta_high,impact_abs
lambda_0,基础故障率,0.02,0.6474305174948343,0.6453160932324459,0.0014854287121315313,-0.0006289955502568612,0.0014854287121315313
base_win_scale,基础单局胜率,1.0,0.6466553973020571,0.6457532895506195,0.0007103085193543857,-0.00019179923208323402,0.0007103085193543857
k_fault,故障敏感系数,3.0,0.6461608190261716,0.6460208901711418,0.00021573024346888126,7.580138843910067e-05,0.00021573024346888126
delta_H_pause,暂停恢复量,0.2,0.6459450887827027,0.6459450887827027,0.0,0.0,0.0
