parameter_key,parameter_label,base_value,win_prob_low,win_prob_high,delta_low,delta_high,impact_abs
base_win_scale,基础单局胜率,1.0,0.9274174803819478,0.9695458853028178,-0.02711041824134508,0.01501798667952492,0.02711041824134508
lambda_0,基础故障率,0.02,0.9679330477860342,0.9396612621540873,0.01340514916274127,-0.014866636469205607,0.014866636469205607
k_fault,故障敏感系数,3.0,0.9551098344822683,0.9538635896216526,0.0005819358589753687,-0.0006643090016402731,0.0006643090016402731
delta_H_pause,暂停恢复量,0.2,0.9545278986232929,0.9545278986232929,0.0,0.0,0.0
